{"cameraMode":{"drawMode":0,"name":"Shaded","section":"Shading Mode"},"sceneLighting":false,"audioPlay":false,"sceneViewState":{"m_AlwaysRefresh":false,"showFog":true,"showSkybox":false,"showFlares":true,"showImageEffects":true,"showParticleSystems":true,"showVisualEffectGraphs":true,"m_FxEnabled":true},"in2DMode":false,"pivot":{"x":-2.7057156562805177,"y":1.007551670074463,"z":-0.6834506988525391},"rotation":{"x":0.009187089279294014,"y":0.9904078841209412,"z":-0.11069943755865097,"w":0.08219446241855622},"size":10.150680541992188,"orthographic":false}