{"cameraMode":{"drawMode":0,"name":"Shaded","section":"Shading Mode"},"sceneLighting":true,"audioPlay":false,"sceneViewState":{"m_AlwaysRefresh":false,"showFog":true,"showSkybox":true,"showFlares":true,"showImageEffects":true,"showParticleSystems":true,"showVisualEffectGraphs":true,"m_FxEnabled":true},"in2DMode":false,"pivot":{"x":1.2513365745544434,"y":-2.2730712890625,"z":3.2133712768554689},"rotation":{"x":-0.15418851375579835,"y":0.006518172565847635,"z":-0.0010172761976718903,"w":-0.9880189299583435},"size":9.606407165527344,"orthographic":false}