{"cameraMode":{"drawMode":0,"name":"Shaded","section":"Shading Mode"},"sceneLighting":true,"audioPlay":false,"sceneViewState":{"m_AlwaysRefresh":false,"showFog":true,"showSkybox":true,"showFlares":true,"showImageEffects":true,"showParticleSystems":true,"showVisualEffectGraphs":true,"m_FxEnabled":true},"in2DMode":false,"pivot":{"x":-3.1673481464385988,"y":0.9361114501953125,"z":-13.343027114868164},"rotation":{"x":0.009187089279294014,"y":0.9904078841209412,"z":-0.11069943755865097,"w":0.08219446241855622},"size":3.866024971008301,"orthographic":false}